time_hr	parent_id	parent_ecDNA_before	parent_ecDNA_after	daughter_id	daughter_ecDNA	x	y	generation
25.0	386	20	18	389	22	599	554	1
33.0	387	20	21	390	19	599	599	1
38.0	387	21	23	391	19	599	599	2
39.0	387	23	23	392	22	599	599	3
43.0	389	22	18	393	26	577	554	2
48.0	389	18	15	394	18	577	554	3
49.0	389	15	13	395	17	577	554	4
55.0	386	18	15	396	21	599	554	2
56.0	387	23	20	397	23	599	599	4
56.0	390	19	18	398	19	520	599	2
57.0	389	13	11	399	15	561	538	5
58.0	396	21	21	400	19	583	538	3
61.0	392	22	22	401	22	570	570	4
61.0	387	20	21	402	19	599	599	5
63.0	386	15	12	403	18	599	554	3
63.0	391	19	24	404	14	497	571	3
65.0	392	22	19	405	25	534	556	5
65.0	389	11	8	406	14	514	510	6
66.0	396	21	17	407	23	561	538	4
68.0	394	18	21	408	11	285	490	4
69.0	395	17	12	409	22	584	509	5
69.0	387	21	26	410	15	599	599	6
69.0	391	24	19	411	29	497	571	4
71.0	386	12	12	412	11	599	554	4
72.0	393	26	24	413	28	548	599	3
72.0	392	19	18	414	19	521	569	6
72.0	386	12	14	415	10	599	554	5
74.0	390	18	19	416	16	520	599	3
75.0	390	19	18	417	19	520	599	4
76.0	391	19	21	418	17	497	571	5
77.0	400	19	23	419	13	525	478	4
78.0	396	17	12	420	21	529	506	5
79.0	397	23	23	421	21	548	570	5
81.0	411	29	25	422	31	489	599	5
81.0	390	18	22	423	14	520	599	5
82.0	389	8	8	424	8	482	478	7
82.0	401	22	23	425	20	256	599	5
82.0	413	28	28	426	27	536	587	4
83.0	405	25	27	427	20	411	532	6
83.0	401	23	27	428	19	256	599	6
84.0	394	21	21	429	19	62	572	5
85.0	390	22	22	430	21	520	599	6
86.0	399	15	10	431	18	494	541	6
86.0	398	19	25	432	12	520	559	3
87.0	387	26	34	433	17	599	599	7
87.0	414	19	14	434	24	509	557	7
87.0	392	18	21	435	14	444	581	7
88.0	396	12	15	436	9	546	478	6
89.0	416	16	16	437	15	498	579	4
89.0	396	15	13	438	15	546	478	7
89.0	393	24	19	439	29	548	599	4
90.0	395	12	11	440	12	584	509	6
91.0	406	14	12	441	15	503	478	7
91.0	397	23	20	442	25	548	570	6
91.0	395	11	15	443	6	584	509	7
91.0	402	19	18	444	18	556	556	6
92.0	398	25	20	445	27	501	559	4
92.0	407	23	22	446	22	520	505	5
92.0	405	27	22	447	30	467	161	7
92.0	395	15	11	448	18	584	509	8
93.0	399	10	11	449	8	483	530	7
93.0	401	27	25	450	28	256	599	7
93.0	403	18	18	451	16	558	516	4
94.0	418	17	18	452	15	257	201	6
94.0	409	22	24	453	20	554	443	6
94.0	391	21	26	454	16	445	560	6
94.0	404	14	13	455	13	330	460	4
94.0	400	23	20	456	24	443	266	5
95.0	413	28	33	457	23	536	587	5
95.0	417	19	13	458	25	520	569	5
95.0	400	20	15	459	24	443	266	6
96.0	399	11	12	460	9	483	530	8
96.0	405	22	18	461	23	519	89	8
97.0	398	20	21	462	19	501	559	5
99.0	418	18	14	463	21	257	201	7
99.0	396	13	18	464	7	531	463	8
99.0	402	18	16	465	19	556	556	7
99.0	395	11	14	466	8	584	509	9
99.0	419	13	10	467	15	599	422	5
100.0	395	14	11	468	16	584	509	10
100.0	418	14	8	469	20	257	201	8
100.0	408	11	11	470	11	271	243	5
101.0	414	14	12	471	16	479	546	8
101.0	438	15	17	472	12	511	425	8
101.0	394	21	24	473	18	83	599	6
101.0	399	12	8	474	16	483	530	9
102.0	436	9	7	475	10	531	406	7
102.0	389	8	6	476	10	465	478	8
102.0	396	18	21	477	13	531	463	9
103.0	422	31	30	478	31	472	599	6
103.0	423	14	14	479	13	490	579	6
103.0	393	19	20	480	17	548	599	5
103.0	452	15	14	481	14	285	147	7
103.0	462	19	23	482	15	511	548	6
104.0	411	25	25	483	24	490	599	6
104.0	405	18	17	484	18	599	29	9
104.0	407	22	23	485	21	520	505	6
104.0	403	18	16	486	18	558	495	5
104.0	462	23	21	487	25	511	548	7
104.0	422	30	37	488	23	472	599	7
104.0	406	12	14	489	10	503	438	8
104.0	436	7	7	490	6	531	406	8
105.0	401	25	19	491	30	256	599	8
105.0	411	25	28	492	20	490	599	7
105.0	420	21	23	493	19	527	485	6
105.0	442	25	26	494	23	546	544	7
105.0	419	10	11	495	9	599	422	6
105.0	441	15	16	496	13	474	450	8
106.0	425	20	19	497	20	365	466	6
106.0	392	21	16	498	25	347	541	8
106.0	398	21	28	499	14	449	530	6
106.0	420	23	19	500	26	527	485	7
106.0	416	16	14	501	16	420	555	5
106.0	415	10	9	502	11	583	538	6
107.0	423	14	9	503	17	458	550	7
107.0	432	12	13	504	10	395	457	4
107.0	425	19	26	505	12	337	438	7
107.0	461	23	23	506	23	599	98	9
107.0	427	20	24	507	15	432	431	7
108.0	391	26	25	508	26	401	536	7
108.0	421	21	27	509	13	521	524	6
108.0	461	23	26	510	19	599	98	10
108.0	477	13	16	511	9	517	449	10
109.0	391	25	22	512	27	401	536	8
109.0	454	16	13	513	17	346	490	7
109.0	421	27	30	514	22	521	524	7
110.0	417	13	8	515	17	532	557	6
110.0	452	14	16	516	11	161	15	8
110.0	420	19	22	517	13	527	485	8
110.0	421	30	35	518	25	521	524	8
110.0	424	8	5	519	11	303	508	8
111.0	412	11	9	520	12	544	417	5
111.0	399	8	7	521	9	483	490	10
111.0	401	19	19	522	18	256	599	9
111.0	442	26	27	523	22	546	544	8
112.0	456	24	20	524	25	430	278	6
112.0	410	15	12	525	16	581	559	7
112.0	440	12	15	526	9	563	382	7
112.0	449	8	8	527	7	359	447	8
113.0	435	14	14	528	14	412	569	8
113.0	395	11	11	529	11	584	509	11
113.0	428	19	21	530	15	160	576	7
113.0	456	20	18	531	20	430	278	7
113.0	398	28	27	532	27	435	516	7
113.0	446	22	20	533	23	498	465	6
113.0	427	24	24	534	24	400	399	8
114.0	436	7	7	535	7	531	406	9
114.0	398	27	24	536	29	435	516	8
114.0	445	27	29	537	21	442	482	5
114.0	405	17	18	538	16	599	53	10
114.0	435	14	12	539	16	412	569	9
114.0	425	26	25	540	25	316	438	8
114.0	400	15	15	541	14	373	181	7
114.0	413	33	37	542	28	536	587	6
114.0	409	24	19	543	26	89	388	7
115.0	476	10	9	544	9	433	440	9
115.0	390	22	26	545	17	520	599	7
115.0	425	25	26	546	23	316	438	9
115.0	477	16	14	547	18	517	449	11
115.0	431	18	15	548	19	346	418	7
115.0	500	26	29	549	22	514	497	8
115.0	450	28	29	550	25	256	561	8
116.0	392	16	19	551	13	323	541	9
116.0	410	12	9	552	14	581	559	8
116.0	426	27	25	553	28	523	543	5
116.0	390	26	19	554	32	520	599	8
116.0	483	24	26	555	20	488	570	7
117.0	416	14	14	556	13	400	555	6
117.0	420	22	17	557	24	527	485	9
117.0	422	37	34	558	38	472	599	8
117.0	396	21	23	559	18	543	451	10
117.0	464	7	7	560	7	463	351	9
117.0	481	14	13	561	15	245	119	8
117.0	429	19	19	562	19	0	556	6
118.0	464	7	7	563	7	463	351	10
118.0	434	24	27	564	20	372	478	8
118.0	438	17	17	565	16	480	303	9
118.0	456	18	18	566	18	430	278	8
118.0	404	13	13	567	12	74	284	5
118.0	504	10	7	568	11	413	457	5
118.0	420	17	15	569	18	527	485	10
118.0	429	19	15	570	19	0	556	7
119.0	511	9	10	571	7	530	424	11
119.0	455	13	8	572	17	184	414	5
119.0	420	15	16	573	14	527	485	11
119.0	428	21	26	574	15	166	599	8
119.0	418	8	8	575	7	292	190	9
119.0	396	23	20	576	26	555	439	11
119.0	456	18	15	577	20	430	278	9
119.0	411	28	23	578	26	490	599	8
119.0	438	17	23	579	10	480	303	10
120.0	511	10	12	580	8	517	411	12
120.0	475	10	10	581	10	526	356	8
120.0	438	23	14	582	31	480	303	11
120.0	423	9	8	583	8	428	539	8
120.0	427	24	28	584	20	400	399	9
120.0	505	12	7	585	16	284	426	8
121.0	427	28	24	586	31	383	382	10
121.0	474	16	16	587	15	404	490	10
121.0	487	25	19	588	29	450	548	8
121.0	484	18	17	589	18	542	335	10
121.0	505	7	10	590	4	284	426	9
121.0	470	11	10	591	12	301	224	6
121.0	472	12	14	592	10	440	337	9
121.0	443	6	8	593	4	561	402	8
121.0	408	11	9	594	13	254	342	6
122.0	458	25	25	595	23	497	555	6
122.0	472	14	15	596	11	440	337	10
122.0	446	20	24	597	16	486	453	7
122.0	450	29	28	598	28	256	561	9
122.0	403	16	19	599	12	569	484	6
122.0	457	23	24	600	22	510	576	6
122.0	494	23	25	601	20	540	518	8
123.0	498	25	28	602	21	320	570	9
123.0	437	15	13	603	16	426	566	5
123.0	461	26	31	604	21	599	98	11
123.0	466	8	7	605	8	584	446	10
123.0	454	13	15	606	11	306	490	8
123.0	434	27	29	607	24	352	478	9
123.0	469	20	19	608	20	60	225	9
123.0	394	24	24	609	24	73	599	7
123.0	410	9	6	610	12	581	559	9
124.0	449	8	8	611	8	359	447	9
124.0	405	18	14	612	21	599	53	11
124.0	483	26	28	613	23	474	570	8
124.0	506	23	19	614	25	523	226	10
124.0	482	15	12	615	15	441	487	7
124.0	448	18	20	616	15	569	435	9
124.0	454	15	13	617	17	306	490	9
124.0	424	5	4	618	6	303	508	9
124.0	459	24	21	619	24	468	249	7
124.0	479	13	12	620	12	447	578	7
124.0	427	24	25	621	21	335	334	11
125.0	479	12	12	622	11	447	578	8
125.0	469	19	22	623	16	56	132	10
125.0	432	13	14	624	9	364	426	5
125.0	468	16	14	625	17	584	467	11
125.0	453	20	22	626	16	460	27	7
125.0	391	22	14	627	28	361	536	9
125.0	546	23	23	628	23	301	404	10
125.0	502	11	12	629	9	553	525	7
126.0	442	27	30	630	22	546	544	9
126.0	447	30	27	631	30	566	320	8
126.0	473	18	16	632	19	53	599	7
126.0	546	23	19	633	26	301	404	11
126.0	389	6	6	634	5	465	478	9
126.0	429	15	18	635	11	0	556	8
126.0	435	12	14	636	10	372	569	10
126.0	414	12	11	637	13	365	492	9
126.0	504	7	7	638	7	392	457	6
127.0	431	15	20	639	10	331	403	8
127.0	416	14	16	640	11	383	555	7
127.0	441	16	12	641	19	443	386	9
127.0	458	25	18	642	30	494	558	7
127.0	443	8	9	643	7	577	370	9
127.0	469	22	25	644	17	36	74	11
127.0	452	16	14	645	17	37	120	9
127.0	506	19	22	646	16	523	226	11
127.0	406	14	13	647	15	423	396	9
127.0	392	19	22	648	15	235	541	10
128.0	396	20	19	649	20	537	437	12
128.0	464	7	5	650	9	485	351	11
128.0	410	6	7	651	5	581	571	10
128.0	477	14	11	652	13	485	437	12
128.0	495	9	9	653	9	584	391	7
128.0	531	20	17	654	21	412	300	8
128.0	421	35	30	655	39	510	513	9
128.0	539	16	19	656	12	354	569	10
128.0	533	23	23	657	20	442	428	7
128.0	434	29	29	658	28	352	478	10
128.0	412	9	9	659	9	530	384	6
128.0	400	15	12	660	17	373	181	8
128.0	425	26	22	661	30	287	280	10
128.0	486	18	22	662	12	569	467	6
129.0	540	25	23	663	26	282	423	9
129.0	400	12	15	664	9	373	181	9
129.0	496	13	10	665	15	401	360	9
129.0	475	10	11	666	8	512	342	9
129.0	428	26	28	667	22	176	599	9
129.0	420	16	14	668	17	527	485	12
129.0	432	14	14	669	14	364	426	6
129.0	473	16	17	670	15	53	599	8
129.0	567	12	13	671	10	61	271	6
129.0	460	9	9	672	9	377	446	9
130.0	527	7	8	673	6	305	432	9
130.0	413	37	33	674	40	536	587	7
130.0	405	14	14	675	14	599	53	12
130.0	468	14	15	676	11	584	467	12
130.0	489	10	9	677	10	388	386	9
130.0	493	19	21	678	16	544	445	7
131.0	489	9	5	679	13	388	386	10
131.0	509	13	13	680	13	462	506	7
131.0	533	23	19	681	27	442	428	8
131.0	400	15	16	682	14	373	181	10
131.0	404	13	13	683	13	134	185	6
131.0	484	17	18	684	16	542	295	11
131.0	500	29	29	685	28	514	483	9
131.0	493	21	19	686	23	544	445	8
131.0	450	28	26	687	30	256	561	10
131.0	468	15	16	688	12	584	467	13
131.0	440	15	17	689	12	528	341	8
131.0	498	28	30	690	25	320	570	10
131.0	511	12	13	691	10	517	392	13
131.0	398	24	25	692	20	409	505	9
132.0	429	18	21	693	15	0	556	9
132.0	472	15	14	694	16	423	320	11
132.0	501	16	19	695	13	383	599	6
132.0	604	21	18	696	24	587	86	12
132.0	528	14	11	697	16	336	569	9
132.0	471	16	14	698	18	271	464	9
132.0	490	6	5	699	6	468	361	9
132.0	399	7	9	700	5	483	473	11
132.0	440	17	13	701	21	528	341	9
132.0	405	14	15	702	11	599	53	13
133.0	496	10	12	703	8	425	336	10
133.0	597	16	16	704	15	469	436	8
133.0	459	21	22	705	18	468	225	8
133.0	499	14	14	706	13	375	512	7
133.0	508	26	25	707	20	111	558	8
133.0	584	20	21	708	18	372	354	10
133.0	524	25	24	709	24	407	172	7
133.0	424	4	5	710	3	303	508	10
134.0	619	24	18	711	28	447	249	8
134.0	394	24	23	712	24	73	599	8
134.0	438	14	15	713	12	480	255	12
134.0	524	24	28	714	19	407	172	8
134.0	544	9	8	715	10	352	340	10
134.0	508	25	31	716	17	111	558	9
134.0	424	5	5	717	5	303	508	11
134.0	528	11	14	718	6	336	569	10
134.0	390	19	17	719	20	520	599	9
134.0	453	22	21	720	23	460	27	8
134.0	456	15	17	721	13	430	278	10
134.0	499	14	20	722	8	375	512	8
135.0	585	16	17	723	15	284	376	9
135.0	588	29	32	724	25	405	549	9
135.0	483	28	25	725	27	474	570	9
135.0	443	9	8	726	10	577	346	10
135.0	426	25	20	727	29	523	533	6
135.0	466	7	10	728	4	584	446	11
135.0	491	30	26	729	31	0	418	9
135.0	467	15	18	730	12	579	406	6
135.0	408	9	9	731	8	157	354	7
135.0	451	16	15	732	15	557	418	5
135.0	409	19	18	733	18	45	404	8
135.0	438	15	8	734	21	480	255	13
135.0	535	7	5	735	8	496	363	10
135.0	442	30	33	736	27	546	544	10
135.0	396	19	19	737	19	525	406	13
135.0	524	28	28	738	26	407	172	9
136.0	531	17	15	739	18	398	268	9
136.0	409	18	15	740	19	45	404	9
136.0	401	19	20	741	16	269	599	10
136.0	522	18	17	742	16	157	522	10
136.0	469	25	28	743	21	36	74	12
136.0	537	21	19	744	22	374	415	6
136.0	481	13	10	745	15	245	119	9
136.0	473	17	14	746	20	53	599	9
136.0	424	5	7	747	3	303	508	12
136.0	406	13	10	748	16	410	383	10
136.0	509	13	13	749	12	497	506	8
136.0	389	6	7	750	5	433	446	10
136.0	454	13	11	751	14	306	490	10
137.0	470	10	11	752	9	307	290	7
137.0	441	12	11	753	12	427	366	10
137.0	574	15	14	754	15	126	581	9
137.0	547	18	21	755	14	453	398	12
137.0	715	10	12	756	7	370	340	11
137.0	522	17	14	757	19	172	507	11
137.0	474	16	12	758	20	390	476	11
137.0	425	22	17	759	27	198	111	11
137.0	417	8	7	760	9	532	547	7
137.0	572	17	14	761	20	94	535	6
137.0	461	31	32	762	30	599	98	12
137.0	458	18	15	763	20	480	558	8
138.0	578	26	22	764	29	477	586	9
138.0	617	17	21	765	13	257	497	10
138.0	540	23	26	766	20	259	423	10
138.0	476	9	8	767	8	349	371	10
138.0	455	8	6	768	10	138	383	6
138.0	398	25	27	769	23	422	492	10
138.0	401	20	18	770	21	269	599	11
138.0	712	24	21	771	24	102	547	9
138.0	547	21	21	772	21	453	398	13
138.0	414	11	7	773	15	365	492	10
138.0	469	28	23	774	32	36	74	13
138.0	447	27	24	775	28	552	282	9
139.0	617	21	20	776	21	257	497	11
139.0	464	5	5	777	5	485	327	12
139.0	634	5	8	778	2	397	431	10
139.0	601	20	14	779	24	552	489	9
139.0	591	12	8	780	15	295	320	7
139.0	456	17	16	781	16	430	278	11
139.0	579	10	9	782	9	505	225	11
139.0	466	10	13	783	6	584	446	12
139.0	541	14	12	784	14	318	72	8
139.0	405	15	6	785	24	599	53	14
139.0	544	8	10	786	6	352	340	11
140.0	530	15	14	787	16	36	478	8
140.0	560	7	8	788	6	474	283	10
140.0	570	19	13	789	25	40	530	8
140.0	538	16	15	790	17	510	66	11
140.0	589	18	19	791	15	573	255	11
140.0	464	5	9	792	1	485	327	13
140.0	392	22	23	793	20	237	483	11
140.0	576	26	33	794	18	568	371	12
140.0	463	21	24	795	17	291	149	8
140.0	473	14	13	796	15	53	599	10
140.0	484	18	15	797	21	516	291	12
140.0	416	16	11	798	20	352	568	8
140.0	524	28	30	799	24	388	99	10
141.0	477	11	12	800	9	485	437	13
141.0	553	28	35	801	20	523	520	6
141.0	524	30	28	802	32	388	99	11
141.0	618	6	9	803	3	271	508	10
141.0	435	14	11	804	16	372	569	11
141.0	479	12	16	805	8	436	589	9
141.0	521	9	2	806	16	447	464	11
141.0	621	21	18	807	22	243	348	12
141.0	400	16	21	808	10	342	137	11
141.0	679	13	12	809	13	396	405	11
141.0	551	13	14	810	11	187	552	10
141.0	470	11	10	811	12	307	290	8
141.0	510	19	17	812	20	490	76	11
141.0	495	9	10	813	8	584	371	8
141.0	576	33	39	814	27	568	371	13
141.0	499	20	22	815	18	375	494	9
142.0	512	27	22	816	31	273	536	9
142.0	418	8	6	817	10	292	190	10
142.0	424	7	7	818	6	303	508	13
142.0	457	24	29	819	19	510	576	7
142.0	562	19	18	820	20	159	595	7
142.0	400	21	18	821	24	342	137	12
142.0	390	17	12	822	20	520	599	10
142.0	751	14	14	823	14	291	475	11
142.0	506	22	22	824	21	539	162	12
142.0	573	14	13	825	15	527	502	12
142.0	459	22	22	826	20	452	209	9
142.0	414	7	6	827	8	365	474	11
142.0	543	26	30	828	22	156	306	8
142.0	644	17	17	829	17	0	16	12
142.0	620	12	13	830	11	430	549	8
142.0	504	7	4	831	10	364	409	7
143.0	467	18	18	832	17	579	406	7
143.0	507	15	14	833	15	427	203	8
143.0	441	11	9	834	13	427	366	11
143.0	565	16	16	835	16	403	230	10
143.0	505	10	12	836	8	169	399	10
143.0	511	13	14	837	11	517	392	14
143.0	646	16	13	838	18	479	212	12
143.0	429	21	20	839	22	0	556	10
143.0	618	9	8	840	9	255	508	11
143.0	604	18	17	841	19	576	75	13
143.0	445	29	30	842	27	406	446	6
143.0	585	17	17	843	16	268	360	10
143.0	527	8	7	844	9	291	418	10
143.0	506	22	21	845	22	539	162	13
143.0	644	17	13	846	20	0	16	13
143.0	453	21	25	847	16	302	0	9
143.0	691	10	8	848	12	534	377	14
143.0	567	13	14	849	12	126	335	7
143.0	592	10	8	850	12	439	314	10
143.0	612	21	19	851	22	548	66	12
144.0	675	14	15	852	13	536	55	13
144.0	564	20	21	853	17	338	501	9
144.0	472	14	12	854	15	395	292	12
144.0	618	8	10	855	5	255	508	12
144.0	528	14	10	856	18	310	571	11
144.0	438	8	8	857	8	480	235	14
144.0	639	10	12	858	8	250	404	9
144.0	506	21	22	859	19	555	146	14
144.0	563	7	5	860	9	434	345	11
144.0	644	13	13	861	13	0	16	14
144.0	760	9	8	862	10	518	547	8
144.0	574	14	15	863	13	126	581	10
144.0	677	10	9	864	9	394	340	10
144.0	567	14	14	865	14	126	335	8
144.0	633	26	30	866	22	275	374	12
144.0	679	12	13	867	10	396	405	12
144.0	546	19	21	868	16	263	390	12
144.0	646	13	13	869	12	479	189	13
144.0	531	15	14	870	16	368	238	10
144.0	561	15	18	871	12	287	119	9
144.0	461	32	35	872	29	599	98	13
145.0	584	21	20	873	21	372	354	11
145.0	656	12	14	874	9	300	585	11
145.0	504	4	5	875	3	364	409	8
145.0	498	30	26	876	31	257	584	11
145.0	633	30	34	877	25	275	374	13
145.0	679	13	17	878	9	396	405	13
145.0	449	8	6	879	9	297	447	10
145.0	516	11	11	880	10	90	0	9
145.0	662	12	12	881	9	556	454	7
145.0	563	5	5	882	5	434	345	12
145.0	567	14	17	883	11	126	335	9
145.0	574	15	15	884	13	126	581	11
145.0	648	15	16	885	12	214	540	11
145.0	712	21	13	886	28	67	536	10
145.0	469	23	27	887	19	36	74	14
146.0	680	13	11	888	15	471	498	8
146.0	519	11	13	889	8	202	432	9
146.0	712	13	12	890	13	67	536	11
146.0	564	21	21	891	21	338	501	10
146.0	427	25	25	892	25	303	302	12
146.0	489	5	6	893	4	388	386	11
146.0	586	31	33	894	23	366	304	11
146.0	639	12	12	895	12	235	389	10
146.0	560	8	7	896	9	474	263	11
146.0	440	13	16	897	9	528	322	10
146.0	548	19	22	898	16	323	321	8
147.0	679	17	20	899	14	396	405	14
147.0	539	19	24	900	14	341	582	11
147.0	695	13	14	901	11	370	586	7
147.0	434	29	23	902	34	324	450	11
147.0	715	12	10	903	13	383	309	12
147.0	559	18	13	904	21	489	404	11
147.0	699	6	7	905	5	464	365	10
147.0	540	26	26	906	25	244	408	11
147.0	633	34	33	907	32	275	374	14
147.0	499	22	22	908	20	375	494	10
147.0	740	19	24	909	13	21	335	10
147.0	808	10	9	910	10	384	121	12
147.0	471	14	16	911	12	233	450	10
147.0	645	17	12	912	21	129	125	10
147.0	443	8	8	913	7	577	254	11
147.0	491	26	25	914	23	0	418	10
147.0	408	9	10	915	7	157	354	8
147.0	466	13	16	916	10	584	446	13
148.0	679	20	17	917	20	396	405	15
148.0	667	22	22	918	22	176	578	10
148.0	544	10	11	919	9	350	316	12
148.0	575	7	7	920	7	292	175	10
148.0	602	21	23	921	18	273	552	10
148.0	452	14	11	922	16	0	225	10
148.0	798	20	20	923	20	363	538	9
148.0	635	11	14	924	8	54	556	9
148.0	513	17	17	925	14	274	502	8
148.0	443	8	8	926	6	577	254	12
148.0	408	10	8	927	12	157	354	9
148.0	496	12	10	928	12	411	304	11
148.0	541	12	10	929	14	281	82	9
148.0	404	13	8	930	17	234	155	7
148.0	568	11	10	931	12	310	382	6
148.0	598	28	32	932	22	48	437	10
148.0	491	25	25	933	22	0	418	11
149.0	491	25	27	934	22	0	418	12
149.0	489	6	5	935	6	388	373	12
149.0	459	22	20	936	23	452	209	10
149.0	447	24	23	937	24	524	182	10
149.0	408	8	7	938	9	157	354	10
149.0	427	25	28	939	22	303	302	13
149.0	504	5	4	940	6	378	395	9
149.0	511	14	12	941	16	527	365	15
149.0	648	16	13	942	19	214	540	12
149.0	516	11	11	943	11	88	0	10
149.0	689	12	16	944	8	488	298	9
149.0	577	20	18	945	22	357	226	10
149.0	612	19	20	946	17	548	66	13
149.0	627	28	25	947	30	323	599	10
149.0	758	20	20	948	20	404	472	12
149.0	666	8	10	949	6	532	289	10
149.0	452	11	7	950	14	0	225	11
149.0	584	20	21	951	18	372	337	12
149.0	567	17	16	952	17	148	334	10
150.0	505	12	14	953	9	169	399	11
150.0	394	23	24	954	21	88	584	9
150.0	531	14	12	955	15	354	204	11
150.0	551	14	12	956	14	157	548	11
150.0	596	11	12	957	10	337	197	11
150.0	577	18	19	958	17	357	226	11
150.0	524	28	28	959	28	359	100	12
150.0	628	23	23	960	21	244	297	11
150.0	434	23	18	961	27	324	450	12
150.0	516	11	10	962	12	88	0	11
150.0	520	12	12	963	11	589	232	6
150.0	473	13	12	964	13	53	599	11
150.0	401	18	16	965	19	269	599	12
150.0	418	6	7	966	4	292	190	11
150.0	643	7	5	967	9	554	327	10
150.0	584	21	23	968	18	372	337	13
150.0	452	7	11	969	3	0	225	12
150.0	588	32	36	970	26	405	549	10
151.0	566	18	14	971	22	250	227	9
151.0	660	17	16	972	17	329	171	9
151.0	710	3	3	973	3	325	530	11
151.0	646	13	14	974	12	494	174	14
151.0	497	20	14	975	25	203	559	7
151.0	432	14	13	976	15	292	323	7
151.0	915	7	6	977	8	196	314	9
151.0	587	15	10	978	19	356	444	11
151.0	486	22	21	979	22	545	467	7
151.0	472	12	9	980	14	394	265	13
151.0	619	18	16	981	19	431	233	9
151.0	617	20	20	982	20	241	478	12
151.0	410	7	8	983	6	581	571	11
152.0	531	12	12	984	10	354	204	12
152.0	608	20	16	985	23	163	46	10
152.0	481	10	8	986	12	210	84	10
152.0	507	14	16	987	11	427	203	9
152.0	673	6	4	988	8	231	419	10
152.0	604	17	16	989	16	576	56	14
152.0	463	24	28	990	19	274	132	9
152.0	597	16	15	991	16	478	445	9
152.0	392	23	21	992	20	167	479	12
152.0	431	20	16	993	23	292	387	9
152.0	677	9	9	994	8	392	310	11
152.0	417	7	10	995	4	532	547	8
152.0	661	30	27	996	32	176	142	11
152.0	530	14	15	997	13	34	458	9
152.0	414	6	8	998	4	365	474	12
152.0	669	14	13	999	15	308	412	7
152.0	510	17	12	1000	20	438	76	12
152.0	581	10	8	1001	12	532	226	9
152.0	650	9	7	1002	9	473	295	12
153.0	550	25	26	1003	23	200	599	9
153.0	672	9	8	1004	10	283	432	10
153.0	702	11	12	1005	10	561	27	14
153.0	706	13	16	1006	10	408	495	8
153.0	687	30	30	1007	28	194	576	11
153.0	431	16	14	1008	16	292	387	10
153.0	644	13	13	1009	13	0	16	15
153.0	466	16	18	1010	13	584	446	14
153.0	766	20	19	1011	19	195	407	11
153.0	677	9	9	1012	8	392	310	12
153.0	591	8	6	1013	8	247	255	8
153.0	547	21	23	1014	18	468	387	14
153.0	475	11	12	1015	9	515	307	10
153.0	695	14	10	1016	18	358	574	8
153.0	671	10	5	1017	15	26	258	7
153.0	601	14	13	1018	14	552	489	10
153.0	786	6	5	1019	6	313	258	12
153.0	599	12	9	1020	15	579	511	7
153.0	409	15	15	1021	15	66	355	10
153.0	527	7	10	1022	4	260	419	11
154.0	516	10	8	1023	12	88	0	12
154.0	539	24	24	1024	23	341	582	12
154.0	598	32	29	1025	33	63	409	11
154.0	599	9	11	1026	7	579	511	8
154.0	416	11	11	1027	11	352	540	9
154.0	504	4	6	1028	2	378	395	10
154.0	798	20	21	1029	19	363	538	10
154.0	706	16	16	1030	16	408	495	9
154.0	484	15	15	1031	14	540	304	13
154.0	631	30	30	1032	30	524	162	9
154.0	645	12	12	1033	11	146	127	11
154.0	571	7	8	1034	6	492	350	12
154.0	626	16	20	1035	11	448	0	8
154.0	754	15	12	1036	17	104	559	10
155.0	668	17	18	1037	13	500	482	13
155.0	938	9	8	1038	10	156	354	11
155.0	468	16	12	1039	20	599	460	14
155.0	664	9	10	1040	8	425	157	10
155.0	667	22	23	1041	21	158	557	11
155.0	823	14	15	1042	13	259	463	12
155.0	642	30	29	1043	27	493	535	8
155.0	609	24	22	1044	25	202	191	8
155.0	787	16	19	1045	13	80	438	9
155.0	400	18	16	1046	20	342	93	13
155.0	955	15	16	1047	13	386	148	12
155.0	579	9	7	1048	10	505	225	12
155.0	476	8	10	1049	5	326	371	11
155.0	586	33	34	1050	31	338	276	12
155.0	649	20	24	1051	13	548	456	13
155.0	663	26	22	1052	28	182	388	10
155.0	793	20	20	1053	17	133	442	12
156.0	653	9	8	1054	10	584	303	8
156.0	594	13	12	1055	14	45	111	7
156.0	577	19	23	1056	13	357	226	12
156.0	434	18	15	1057	18	306	430	13
156.0	790	17	18	1058	15	495	0	12
156.0	823	15	15	1059	15	259	463	13
156.0	447	23	22	1060	24	524	182	11
156.0	633	33	29	1061	36	275	374	15
156.0	626	20	20	1062	19	448	0	9
156.0	660	16	17	1063	15	329	171	10
156.0	473	12	9	1064	14	53	599	12
156.0	585	17	15	1065	17	245	360	11
156.0	609	22	25	1066	19	202	191	9
156.0	915	6	4	1067	8	196	314	10
156.0	858	8	7	1068	9	202	374	10
156.0	780	15	14	1069	16	259	267	8
156.0	522	14	10	1070	16	106	434	12
156.0	455	6	8	1071	3	43	362	7
156.0	761	20	10	1072	27	90	489	7
156.0	794	18	18	1073	17	568	257	13
157.0	642	29	24	1074	31	493	535	9
157.0	614	25	27	1075	21	313	204	11
157.0	570	13	12	1076	13	16	530	9
157.0	922	16	17	1077	14	42	225	11
157.0	628	23	23	1078	23	244	297	12
157.0	717	5	5	1079	5	314	519	12
157.0	567	16	16	1080	15	135	321	11
157.0	823	15	15	1081	14	259	463	14
157.0	670	15	17	1082	13	33	487	9
157.0	447	22	22	1083	19	524	182	12
157.0	452	11	8	1084	13	0	225	13
157.0	405	6	4	1085	8	599	53	15
157.0	790	18	20	1086	16	495	0	13
157.0	516	8	8	1087	8	88	0	13
157.0	456	16	19	1088	12	430	278	12
157.0	693	15	11	1089	19	36	535	10
157.0	463	28	29	1090	26	274	132	10
157.0	682	14	17	1091	11	442	177	11
157.0	432	13	17	1092	9	292	306	8
157.0	454	11	7	1093	15	295	479	11
157.0	859	19	16	1094	22	555	104	15
157.0	489	5	3	1095	7	388	373	13
157.0	752	9	7	1096	10	277	249	8
157.0	808	9	7	1097	10	384	77	13
157.0	491	27	26	1098	27	0	418	13
158.0	788	6	3	1099	9	474	280	11
158.0	846	20	22	1100	14	49	151	14
158.0	506	22	20	1101	23	555	123	15
158.0	541	10	12	1102	8	225	55	10
158.0	623	16	13	1103	19	217	0	11
158.0	406	10	12	1104	8	430	383	11
158.0	654	21	20	1105	20	314	182	9
158.0	508	31	32	1106	29	126	543	10
158.0	562	18	14	1107	19	159	595	8
158.0	971	22	19	1108	24	236	196	10
158.0	621	18	10	1109	25	220	348	13
158.0	563	5	5	1110	4	434	345	13
158.0	723	15	12	1111	18	188	264	10
158.0	823	15	14	1112	16	259	463	15
158.0	930	17	23	1113	10	234	138	8
158.0	867	10	7	1114	12	422	405	13
158.0	821	24	26	1115	21	378	93	13
158.0	582	31	28	1116	31	314	50	12
158.0	758	20	17	1117	22	392	460	13
158.0	670	17	14	1118	19	33	487	10
158.0	655	39	46	1119	30	455	523	10
158.0	522	10	8	1120	12	106	434	13
158.0	752	7	6	1121	7	277	249	9
158.0	409	15	16	1122	12	66	355	11
159.0	738	26	24	1123	24	359	116	10
159.0	718	6	6	1124	6	310	556	11
159.0	541	12	13	1125	9	225	55	11
159.0	565	16	17	1126	14	403	188	11
159.0	453	25	24	1127	25	302	0	10
159.0	519	13	10	1128	13	168	425	10
159.0	429	20	16	1129	23	0	556	11
159.0	683	13	12	1130	14	194	171	7
159.0	846	22	23	1131	21	49	151	15
159.0	464	9	8	1132	10	458	300	14
159.0	635	14	12	1133	14	54	535	10
159.0	641	19	19	1134	19	456	397	10
159.0	612	20	18	1135	21	522	66	14
159.0	786	5	6	1136	4	299	244	13
159.0	535	5	6	1137	4	473	323	11
159.0	531	12	10	1138	14	354	183	13
159.0	543	30	25	1139	35	156	306	9
159.0	823	14	11	1140	17	259	463	16
159.0	455	8	8	1141	8	43	362	8
159.0	910	10	9	1142	11	365	132	13
159.0	506	20	27	1143	12	555	123	16
159.0	609	25	21	1144	26	202	191	10
160.0	774	32	30	1145	33	43	18	14
160.0	698	18	21	1146	14	170	476	10
160.0	568	10	9	1147	11	299	351	7
160.0	994	8	5	1148	10	348	269	12
160.0	762	30	30	1149	29	587	67	13
160.0	589	19	23	1150	14	573	203	12
160.0	938	8	7	1151	9	143	341	12
160.0	540	26	23	1152	28	224	408	12
160.0	765	13	10	1153	14	179	495	11
160.0	498	26	28	1154	23	257	565	12
160.0	469	27	26	1155	25	36	74	15
160.0	848	12	11	1156	12	544	348	15
160.0	716	17	7	1157	25	127	504	10
160.0	601	13	13	1158	12	541	478	11
160.0	497	14	13	1159	15	217	559	8
160.0	865	14	17	1160	11	90	335	9
160.0	671	5	4	1161	6	26	258	8
160.0	745	15	12	1162	18	224	99	10
160.0	409	16	15	1163	16	66	355	12
160.0	572	14	14	1164	13	83	505	7
160.0	836	8	8	1165	8	139	384	11
160.0	596	12	12	1166	11	337	197	12
